star_score,score_reple,writer_id,write_date
10,이성민 아저씨는 정말 연기꾼이신듯. 가족과 함께 보기에 굿굿굿,ssva****,2020.01.22 11:44
10,저는 고딩이라서 그런건진 모르겠지만 엄청 재밌게 봤는데 안 좋게 보신 분들이 꽤나 많은거 같네요 제 생각이 단순 유치한건진 몰라도 저에게는 인생 영화가 될 정도로 재밌었습니다 !,A7케이(kec8****),2020.01.22 23:53
9,솔직히 왤케 각박하게 주신지몰겠으나.. 해치지않아보다도 잼났는데.. 물론 유치하다고볼수있지만 예고편보면 그정도는 감안하고 보는거아닌가요??;; 헤치지않아는 솔직히 웃긴장면거진다 예고편에 나왔어서 크게 웃긴부분하나빼고...,pka9****,2020.01.23 00:15
10,반려견 주인으로써 저는 재미잇게봤어요,로즈베리(ilov****),2020.01.23 00:01
9,신하균ㅋㅋ 목소리만으로도 독보적이다 존재감 최고였어 ㅋㅋ,코코(79wj****),2020.01.23 02:24
10,"이상한 동물 cg였어도 동물들이 귀여워서 나름 볼만했어요. 중간중간 아는 목소리가 나올때 반갑기도 했고 음, 어른들끼린 말구 아이들이랑 같이 보기엔 좋은것 같아요.",ㅊㅅㅎ(tngi****),2020.01.22 23:05
10,너무 재밌다 두번 보고 싶은 영화,뚱빠(gnem****),2020.01.22 23:41
9,소소한 재미와 감동이~^^,사진진(drtg****),2020.01.23 09:41
10,단순해서 마음에 드는 영화임 가족영화로 강추함,노보바(phus****),2020.01.23 09:40
10,코믹인줄  알고  봤는데감동까지 ~~~울집  강아지랑도  저렇게  말이 통하면  얼마나  좋을까하면서  본 거  같아요,키친안다미로(elwl****),2020.01.22 23:12
10,웃기기만할줄 알았는데 감동ㅜㅠ 영화보구 힐링받구 왔어요ㅜㅠ 이 영화 넘 따뜻하쟈나,미셸(jihy****),2020.01.22 12:57
10,감동과 재미 그리고 동물들과의 교감의 감동이 아직도 가슴에 남아있네요  따뜻한 영화였습니다 특히 알리때문에 다시보고 싶어지네요,kyyh****,2020.01.23 01:28
10,배우분들의 새로운 모습들을 봐서 좋았던 영화! 강아지도 연기 좋네요ㅋㅋㅋ,쁑(eagr****),2020.01.23 09:39
1,인생 통들어 이렇게 재미없는 영화는 처음입니다 너무 뻔하고 유치한 전개에 배정남님 캐릭터는 대체 왜 있는건지 코믹요소를 넣으려고 한 거 같은데 전혀 웃기지도 않고 최악입니다,짐(vjim****),2020.01.22 12:01
10,미스터주가 재밌으면 추천남산의부장들이 재밌으면 비추천 부탁드러요,손민성(sms0****),2020.01.22 14:05
10,볼만했습니다.  많은 분들에게 추천드립니다.,rokh****,2020.01.23 08:56
10,웃음 재미 감동 다 잡았어요,이유희(gala****),2020.01.23 09:40
10,난 개인적으로재밌었는데,dlscjs(kore****),2020.01.23 09:22
10,어제 우리 초딩 아들들이랑 재미있게 봤습니다.가족들과 즐겁게 관람하기 좋습니다.,star****,2020.01.23 09:03
9,착한 장면들이 많아 힐링하는 기분~~,주차란(xkoz****),2020.01.23 09:39
3,와... CG 실화인가요 모든게 어색해서 도저히 집중을 할 수 가 없었어요. 배우들의 연기는 좋았지만 동물들과 대화를 한다는 소재에서 동물들의 표현을...이렇게 해버리면...,안녕하세요(qkre****),2020.01.22 13:02
1,진짜 돈도 시간도 모두가 아까운 영화였다. 너무 노잼이라 할말이 없었다. 처음부터 끝까지 너무 어이가 없어서 실토만 나왔다. 그게 감독의 목적이였으면 니가 이겼다. 18,RE비(cet4****),2020.01.22 17:24
1,연출 개연성 CG 감독의 역량까지 상당한 수준입니다연기잘하시는 배우분들이 자괴감이 느껴지고 어색함이 느껴지는 연출이였습니다,zidbsghzi(jsd7****),2020.01.22 16:44
2,여러분의 시간과 돈은 소중합니다 부디 지키세요..,김재영(lisa****),2020.01.22 17:03
1,우선 미시적 관점으로 짚어보자. 극중 내 전혀 개연성없이 매장면 등장해 억지웃음 유발 장치의 역할도 못해내는 배정남과 여자 팀장의 이미지와 전혀 어울리지 않게 툭툭 뱉어대는 맥락없는 썰렁한 문장. 처음부터 그랬던 인...,Pompom(kanj****),2020.01.23 12:02
1,안웃기고 안재밌고 장면장면 부자연스럽게 연결된게 전문용어는 모르겠지만 편집점이 부자연스러운??보는 내나 불편.,gir(girl****),2020.01.22 18:11
10,코딱지쫌 넣지마라 쫌!!!,dlgl****,2020.01.22 11:27
1,"하 정말 욕나와요 이게 영화입니까? 디워, 7광구, 골든슬럼브 보다 재미없어요 진짜 최악이에요. 취준 스트레스 받아서 스트레스 풀러 갔다가 더 스트레스 받아서 나왔네요. 누가 공부할래 미스터주 볼래? 하면 울면서 제...",뗘니(codu****),2020.01.23 13:34
1,홀리 쉣 돈 주고는 못 볼 영화 물론 무료여도 안 볼 영화감독은 은퇴하거나 다른장르를 파셔야할듯재밌다는 사람들은 다 알바지?이건 뭐 어디서 웃어야 할지 참 난감하다이러니 한국영화가 욕먹지;;마지막 노래는 참 어휴,김준환(jh10****),2020.01.23 11:35
1,미스터 주 : 사라진 내 2시간....,감돔뭔(seun****),2020.01.22 11:15
2,초딩 수준 머리가 지끈거린다,csch****,2020.01.23 15:52
8,영화보고나왔는데 평점 너무 낮아서놀람 그 정도로 혹평 영화까진 아니고 그냥가볍게 기분전환하기엔 좋아요 전 닥터두리틀보단 재밌게 봤어요 너무 기대하고보시진말고 가볍게보세요 알리가 너무 연기를 잘해요,day(07af****),2020.01.22 21:37
10,가족고 함께 보기에 너무 좋은 영화네요.모처럼 재밌게 봤어요ㅎㅎ아이랑 같이 보기 강추!,대박왕(acba****),2020.01.22 19:05
1,이게 영화냐.. 뻔하고 유치하고 재미는 드럽게없고 가족이랑 보기 좋다해서 예매했다가 욕만 먹고왔다 평점 높게 주는 인간들은 초등학생 수준이거나 돈 받은게 틀림없음,슈얼와이낫(pot6****),2020.01.22 17:08
2,죄송하지만 너무 재미가 없네요,psh76(pyos****),2020.01.22 16:43
1,에휴.... 이런거에  별5개 주는 인간들은 뇌가 없나.... 재미없는 사람 공감 눌러라.... 양심적으로.... 하....,liliilllliil(fuxc****),2020.01.22 13:41
1,인생 최악의 영화...,zzxj****,2020.01.23 15:20
2,"기대를 너무 했는지 저는 그저 아주 가볍게 재미있지 않았어요.초등생들 같이 봤는데 아이들은 재미 있었대요.중간 칼 휘두르고, 총 겨누고, 폭발신 저희 겁많은 아이들은 눈귀 다 막느라  ㅠㅠ 가족영화라 엄청 기대했는데...",김상호(love****),2020.01.23 13:39
1,이게 3위?? 한국인들 영화수준.. 진짜 미개함..그냥 언론만보고  다들 따라따라 보러가고,늑대귀신(0102****),2020.01.23 10:47
1,"관람객들 상대로 장난치는건가요? 듣기로는 7년간 쓴 시나리오라는데 이정도면 진짜 미안하지만 재능 없는것 같네요. 하... 아니, 초반 시나리오는 좋았다가 여러문제 때문에 변할 수는 있겠지 근데 CG가 15년전으로 퇴...",예림(sh6y****),2020.01.23 00:03
1,가족끼리 보러 갔다가 영화 보고 나온 뒤 다들 아무 말 없었습니다. 침묵은 때론 모든 것을 말해줍니다.. 극장에서 꼭 확인하세요.,랍(8758****),2020.01.22 23:59
1,댓글알바가 존재하는지 확인하고 싶으신 분들께 추천드려요! (초등4학년 이상 시청금지),takyu(tak7****),2020.01.22 23:09
1,풍선에서 바람 빠지는 소리 정도는 낼 수 있어요,호우(minh****),2020.01.22 18:01
1,소재 괜찮고 초반에 좀 재밌었지만 스토리 엉망진창에 보고 허탈감만 드는 영화 길게 쓰기도 싫네요 피하세요,최우진(kys9****),2020.01.22 16:14
1,이딴것도 영화라고 만드냐 진짜,세혁이(sehy****),2020.01.22 17:26
1,진짜 리얼 최악.. 보지마세여,900k****,2020.01.22 10:50
1,한쿡영화는 국정원&조폭&조선시대&미혼녀&세종대왕 없으면 소재가 없냐???,MacGyVer(jeep****),2020.01.22 16:52
1,정말 재미없었네요.. 초등학생이 봐야 볼만한 영화..,이다슬(aakk****),2020.01.22 18:10
10,배우들과 동물의 조합이 굿! 가족과 보기에 넘 좋을거 같아요!,오상희(kdgf****),2020.01.22 10:41
8,"시사회를 통해 영화를 미리 접했었는데, CG로 표현된 부분이 많았을 텐데 그럼에도 배우들의 연기가 어색하지 않고 자연스러웠다. 특히 그냥 '허당' 으로 언급되기만 한, 모두가 고개를 저은 국장 캐릭터에...",Archer(rosy****),2020.01.22 09:29
1,2020년에 이런 수준 낮은 영화라니 제작진은 부끄럽지도 않나. 관객을 우롱하는 수준이다. 절대 보지 마세요.,봄여름(scse****),2020.01.23 16:03
1,시사회 티켓받아서 봤는데 돈 주고 봤으면 다 때려부술뻔 했다,코르크(care****),2020.01.23 15:54
7,이거 보고왔는데 김서형 배우님 주연인데 많이는 안나오셔서 아쉽...,하롄(summ****),2020.01.23 14:43
1,"히트맨, 미스터주. 이딴 저질영화는 제발 그만!",꿈꾸는하늘(suni****),2020.01.23 15:42
1,내가 동물이었음 재밌었을까보는내내 연기파배우 둘 데려다 뭐하는건가 싶은영화,유럽일주(hyun****),2020.01.23 13:04
10,조카가 동물들 나오는 영화 보고싶다 해서 개봉날 온 가족이 모여 함께 봤네요 저는 그냥 아무 기대없이 가벼운 마음으로 봐서 그런지 소소하게 웃겼고 특히 꼬맹이 조카가 옆에서 많이 웃어서 기분 좋아서 10점 드립니다~...,괄(rhkf****),2020.01.23 00:44
10,뭔가 유치한데 매력있음ㅎㅎ,방귀대장(kijs****),2020.01.23 02:25
8,캐릭터들 다들 매력있고 영화도 가볍게 볼만하네요,윤인원(hnil****),2020.01.23 02:24
1,불면증인데 꿀잠잤음 자다깼는데 옆에같이보던 친구도 자고있었음 진짜 양심 없는거아니에요? 영화보다가 화나는건 처음이에요 웬만한 영환 다 좋아하는데..이거는 진짜 제가 본 영화중 최악악이에요절대보지마세요 관계자분들 죄송...,유승현(she2****),2020.01.22 18:32
1,솔직히 너무 재미없어요. 다들 평면적인 캐릭터에 뻔한 내용.. 이게 정말 재밌나요?,사람(sksf****),2020.01.22 17:59
1,코미디가 뭔지 모르는 사람들이 코미디를 만들면 모두가 민망해질 뿐이다.,natural(cine****),2020.01.22 19:00
1,이런 주연들로..누굴 먼저 쏴줄까총감독? 음향감독?,던파회장(kmw0****),2020.01.22 17:31
4,제가 동물을 안키워서 그런지 공감도 안가고 너무 유치해요...ㅠㅠ,thsg****,2020.01.22 15:04
1,노잼 지루하고 뭔가 어설픈 영화 ㅋㅋ 억지로 끌어가는 감정..,김수아(sooa****),2020.01.22 16:20
1,진짜 돈아깝네 OO 이런걸 영화라고 만들다니,김치맨(ihat****),2020.01.22 18:40
4,유치원 ~초등 저학년까지 보기 딱입니다,임효빈(been****),2020.01.22 15:46
1,그냥 OOO기 영화,스티브맥퀸(redj****),2020.01.22 11:02
4,"기대하고 봤는데 별로였음. 스토리가 이어지지 않고 뚝뚝 끊기는 느낌이였음. 억지 코믹을 집어넣은 듯한 요소가 보였고 코믹보다는 가족애, 동물사랑이 강조되는 느낌이 강함. 판타지적 요소가 강하여 현실과 괴리감이 상당히...",황유진(7003****),2020.01.22 17:10
2,이 영화는 애들도 보고 안 웃을듯...,온갱(chic****),2020.01.22 11:13
1,클레멘타인을 이을 명작,love****,2020.01.22 18:07
6,중학생 이상  관람금지절대금지,나나(4004****),2020.01.22 12:16
1,10점 박아놓은 것들은 알바냐? 대체 어떡하면 이딴 걸 보고 재미를 느낄 수가 있냐? 1점도 아깝다,불꽃남자(dbru****),2020.01.22 16:49
2,영화가 엉망진창임. 초등학생 아이는 웃네요. 추석부터 명절특선 가족영화로 티비에서 나올듯.,오스티어(itot****),2020.01.22 15:27
1,이런영화좀 그만만들자.,워크용(feat****),2020.01.22 14:39
2,아니 ㄹㅇ 이게 진짜 재밌나...,박정훈(1020****),2020.01.22 13:23
1,아직도 2020년에 배정남 같은 케릭이 있다는게 신기하다  하나도 안웃긴데  너무 억지로 웃길려는데 90년대에나 있을 캐릭이 현재도 있다는게 신기,무한괘도(oana****),2020.01.22 09:59
1,1점도 아까움.. 심각..,hann****,2020.01.22 14:21
1,최악이다진짜ㅡㅡ이걸영화라고...cg도어색하고,성팔이(nage****),2020.01.22 12:04
1,눈이 저절로 감긴다 예고편이 다했다..,dfjlwk(com4****),2020.01.23 16:23
1,난생 처음으로 보다가 상영관에서 나왔습니다.,히긍히긍(alsg****),2020.01.23 16:15
1,내가 원래 이런거 안쓰는대 코믹영화인데 딱 한번 잠깐 웃었다 보는내내 하폼만 많이 나오고 내가 최근에 본 영화중에서 최악이였다,별이(sos9****),2020.01.23 16:15
8,계속 박정희가 뛰어다님 ㅠㅠㅠㅠ 꽤나 신선하고 잘만든듯,seh(sehu****),2020.01.23 14:21
10,,최나연(nase****),2020.01.23 14:00
4,보다가나왔는데..뒤따라몇분더나오심,wkix****,2020.01.23 15:11
2,시사회로봤는데 스토리 정말단순하고...재미없어요...애들은볼만할수도,그레이스(myfj****),2020.01.23 14:49
8,재미있었습니다!!!,채리닝(wosj****),2020.01.23 14:02
1,안웃기고 뻔한데 억지웃음 주려고 연기하는 모습이 안쓰러울정도로 연출이...유아부터서 초등저학년용 영화입니다.남편이 이런 영화보러오자고해서 미안하다고 사과했어요,비누비누(spur****),2020.01.23 14:45
1,개재미없다 그냥 스토리 개연성 억지웃음 억지감동유발감독이 뭘 전하려는지도 모르겠고 ㅎ,사마리아(rkd4****),2020.01.23 13:11
1,이런 스토리가 2020년에 개봉하는게 놀라울 정도,진희(jinh****),2020.01.23 12:59
7,해치지않아는10점인데 솔직히좀하품나서7점임 동물이말하는거랑 판다귀여워서인줄알어,fyu(fyub****),2020.01.22 17:39
8,이성민 배우의 고군분투가 있었기에 유지되는 웃음 코드,시월의치라(fina****),2020.01.22 15:38
8,영화는 잼게 봤는데 배정남 연기 너무 개오버한다,Penny(penn****),2020.01.22 15:32
8,순수하게 아이들과 보기좋은 영화였네요!스토리는 어설펐지만 시간가는줄 모르고 봤네요!!흐 슬퍼이런 영화 자주 만들어주세요!!,VENUS(fcan****),2020.01.22 20:10
10,아무생각없이 가족끼리보기는부담없고좋음 귀여움 b급 스타일유머 암튼 엄마도 나도 신랑도같이보기좋았음,율이(sinc****),2020.01.23 01:16
10,"저는 재밌었습니다...중간중간 패러디 찾는 재미도 있었고. 스토리도 괜찮았고, CG는 영화니까 맘 놓고 보면 재밌어요. CG팀 제작진님들 입모양이나 움직임, 털표현 보면 고생하신 듯 하셨어요.",이현경(lhks****),2020.01.22 21:45
2,그냥 ... 김서형씨 보러갔어요...ㅎㅎ,indigopink(tatu****),2020.01.22 19:26
6,"아이는 재밋다고하네요, , , ,  ㅜ",김병(ksa1****),2020.01.22 16:58
6,시사회로 미리 접했습니다동물 더빙이 먼가 오글거리는 느낌이있어서거부감이 생기기도했습니다배정남의 캐릭터가 억지 코믹요소있네요하지만 배우 이성민의 연기력에 끝까지봣습니다 결말은 약간 예상가능한 전개라서 반전은 없었습니다...,SooSoo(yout****),2020.01.22 09:47
9,정말 좋은 영화입니다. 강추합니다~,영순솜(soi4****),2020.01.23 02:23
6,초등학생 아이들 웃는소리만 들리더라구요. 딱 12세 관람가 영화 정도입니다..,전재훈(tkaq****),2020.01.22 13:53
3,"개봉 첫날 아이랑 조조로 예매해서 아침 일찍가서 봤는데, 기대보다 한참 못했네요. 개인 취향입니다. 그래도 가끔 웃기는 포인트는 있어요~",restart07(seon****),2020.01.22 12:14
6,다들 연기도 잘하고 스토리나 다 좋은데.... 더빙이 너무 어색하고 딸 캐릭터가 너무 답답함 진짜 보다가 짜증나서 죽는줄... ㅋㅋ,가은이(wwwr****),2020.01.22 12:00
10,"인간 중심적 사고의 세계에서 벗어나서, 동물들과 나란히 모두가되어 전개되는 대화나 스토리가 재밌습니다. 중간중간 나오는 각각 동물의 상징적 의미도 제가 현실에서 상상했을때 나왔던 게 나와서 재밌기도 했어요ㅎㅎ 그냥 ...",권구은(kooe****),2020.01.22 11:54
10,재밌었어요. 배우들 연기도 안정적이고 뭔가 훈훈해지는 그런 마음입니다~ 가족들과 보기 좋아요!,love****,2020.01.22 11:53
10,동물들도 너무 귀여웠고 재밌엇다 ㅋㅋㅋㅋ 이런게 설날 영화지,쥬니(vlwk****),2020.01.22 11:51
1,어디서 웃어야 할까요?,잉여로드(pc98****),2020.01.22 23:12
7,"신랑이 예매해줘서 애기들 데리고 봤는데, 초딩들이라 그런지 넘 재밌게 봤네용. 제 기준엔 조금 유치하긴 했지만 가족영화로 추천합니다!",인과필연(have****),2020.01.22 23:02
9,"말이 안되는 부분, 어색한 부분도 있지만 애완으로 강아지,고양이,새 등등을 키워본 사람이라면 한번 쯤 상상해볼만한 이야기..",studyart(movi****),2020.01.22 10:05
4,아마 이 영화는 배정남씨에게 잊지 못할 흑역사가 될 작품일 것 같네요.,hyun****,2020.01.22 22:07
10,유쾌하고 상쾌한 영화가족 관람 추천합니다,용가리(doro****),2020.01.22 12:05
10,미스터 주가 재미있으면 추천 해치지 않아가 재미있으면 비추천,명태(xotn****),2020.01.22 09:26
1,영화를 보는 내내 과장된 웃음유발과 신파 때문에 어이없어서 웃음이 났다 어떻게든 웃긴 웃었다만...,닉네임적는곳(1212****),2020.01.23 16:28
4,메시지는 좋은데 너무 노잼 ㅠ 유아용 영화같음,luvyourself(khj9****),2020.01.23 15:20
4,진짜 오랜만에 돈 아깝다는 생각을 했다,jaeb****,2020.01.23 14:42
6,좀 지루한데...슬랩스틱 코메디인데...의외로 초등남자애들은 웃겨서 구르던데....뭔 분위긴가 싶으나 설연휴 애들하고만 볼만합니다.,self****,2020.01.23 12:54
2,지루했어요 애들이 보면 좋아할거 같긴하네요,오이야(una2****),2020.01.23 13:05
8,김서형 배우님 팬입니다 그래서 봤구요 (알바는 진짜 아닙니다 ;;)요약해서 말하자면 엄청 재밌다! 라는 생각이 드는 영화는 아니었습니다하지만 1점을 연타로 받을 만큼의 영화도 (저한테는) 아니었구요 솔직히 말도 안되...,미현(joan****),2020.01.23 03:47
1,내가 개봉일에 영화를 보고 영화평점이 궁금해서 들어온건 이 영화가 처음이에요..^^,감귤이(leec****),2020.01.23 13:32
2,영화 초반 설마설마 하며 30분은 참아보자 했는데...앉아 있는 내가 자괴감이 느껴져 나왔음. 우리 뒤에 바로 따라 나온 커플은 살다 살다 이런 영화는 첨이라고 해서 우리 커플도 같이 웃었음.,pbl7****,2020.01.23 08:37
10,,준안이(juna****),2020.01.23 07:49
1,웃음 보다는 한숨.힘든영화,skyg****,2020.01.23 07:34
1,내인생 최악의 영화. 피해보는건 저하나로 충분합니다...,브체(bruc****),2020.01.23 05:54
1,깜짝 놀랐어요 너무 재미없어서 처음으로 영화보다가 잤네요.. 진짜 심각하게 CG너무 어색하고 판다는 진짜 동물처럼 안느껴지고 그냥 인형탈 같아요 그리고 AI 안웃겨요 무서워요,12345(jmih****),2020.01.23 05:51
10,"하루에 미스터주, 히트맨 다 봤는데 첨에 미스터주 보러가기전에 평점 완전 높았는데 본후 평점 보니 왜 이렇게 심각해요 ? 이해안됨 .. 솔직히 제 기준 해치지않아 보다 재밌었는데 ; 평점에 초딩 수준 이라던데 올해 ...",라온(jang****),2020.01.23 03:58
2,잘 만든 c급 영화 딱 그정도... 배우님들  연기는 최고였지만  cg가 너무 말도 안되게 어색해서.... 그리고 중간에 코믹요소들이 몇가지 있었지만 재밌지 않았음 ...,가은(jduj****),2020.01.23 01:59
1,아~ 진짜 돈 아까워 죽는줄~ 살다살다 이런 영화는 처음이네요~배우들이 아까워요~ㅠㅠ 담배 피우는 장면이나 폭력적인 장면 없으면 딱 전체관람가예요~,SY어뭉(aris****),2020.01.23 01:45
1,11세 이하로 해주세요 넘 힘들었어요 아무리 이유든 의미든 넣으려해도 답이 안나옵니다. 많은 부분이 안타깝습니다.,mino****,2020.01.23 01:42
1,1월 22일 메가박스 8시15분 영화 봤습니다.카라멜팝콘 정말 맛있네요ㅋㅋ...하...ㅅ#,홍이(leej****),2020.01.23 00:10
5,"10점은 알바인거같고가족애,동물사랑을 섞고 싶었는데 잘 안섞여서 애매하게 나온 결과물인 듯1점은 심했고그냥저냥 볼만했어요 어이없는 부분도 많았고 허허 헛웃음 나오기도 했고 중간중간 멋진부분도 있고 저건 좋네 라는 부...",IAn56(zlxl****),2020.01.22 22:26
1,세상에서 제일 재미없는 영화...시간이 너무 아까운데 어디까지 가나 하고 끝까지 봤네요 그냥 나가셔도 됩미다^^...끝까지 재미없어요 오그라들기는 겁나 오그라듦,아버(wkda****),2020.01.22 20:50
6,재밌긴함 근데 잘 모르겠다,담요(gudw****),2020.01.22 17:53
1,힘의 균형은 유지되어야 한다,스톡홀름(zola****),2020.01.23 11:06
8,유쾌하고 편하게 보기 좋은 영화:),안병일(eipr****),2020.01.23 10:27
1,딱 초등학생 저학년용 진짜 너무 형편이 없어...,Namchin(qkck****),2020.01.23 09:59
1,개노잼보다가 나온거 처음,뮈주(mmij****),2020.01.23 08:49
1,있었다가 없었다가 개연성도 없고 아주 개판인 영화,김주원(juwo****),2020.01.23 07:10
1,유치는 예상하고 보러갔지만 웃음포인트가 어쩜 1도 없이 만들었을까?뒷자리 코골이 소리가 젤 웃꼈음ㅋㅋㅋ,해피바이러스(tora****),2020.01.23 02:14
10,1점 준거는 관람객 마음이지만 제작진 내리까는건 아닌것 같네요 영화 재미있었어요!,김률아(ryul****),2020.01.23 02:09
1,내 7000원 내놔 진짜ㅡㅡ,정다현(wjde****),2020.01.23 01:13
10,아이들과 가족동반 영화임 따스함 추천,오해피(reda****),2020.01.23 00:21
10,,가흔(kyek****),2020.01.23 00:12
6,반려견동반극장이 있다면 성공했을지도. . .우리집개는 엄청 웃었을듯ㅠ,제이치(zkzk****),2020.01.22 23:45
1,1점도 아까움나가고싶다,휴우후(gbsn****),2020.01.22 23:39
1,진짜 실망 많이 했던 '닥터 두리틀'이 선녀로 보인다.,박영기(pyk1****),2020.01.22 23:37
10,난 보지않았다 그저 평점이 얼마나 낮게 나오는지 구경왔을뿐,ppop****,2020.01.22 22:42
1,등급 : 12세 이상 관람불가..,mete****,2020.01.22 22:38
2,연기잘하는 배우들 데려다  쓰레기를 만들어 놨네 전체 이용가인거 알고봤지만  이렇게까지 재미없을일인가...,루나(lasu****),2020.01.22 22:38
10,"CG가 개그지같은 건 맞는데,, 1점 주고 싶은 마음이 솟구치지만 이성민 연기는 도저히 1점을 줄 수가 없다,,",대배우(ujbh****),2020.01.22 21:27
1,"이성민 배우 팬인데,, 속상해요 ㅠ",꽁끼(bamb****),2020.01.22 19:45
8,참신하게 재미있네요...백두산보단 이영화를 추천하고 싶네요백두산은 나중에 tv로 보세요~,태풍소녀(bbdo****),2020.01.22 16:26
1,어린이영화라고 했었어야죠...에휴.,한상신(hss4****),2020.01.23 07:41
10,배우들의 다채로운 연기와 웃음이 돋보였던 영화,희희(fdhf****),2020.01.23 02:24
7,생각보다 혹평이 많네요 조금 유치하고 아쉬운 부분이 많았지만 가볍게 가족끼리 보기엔 괜찮았어요,단무지(21do****),2020.01.23 01:52
10,"영화보는내내 감동,슬픔,코미디,액션을 다 볼수있네요2020년 초 영화중에 제일 최고입니다!!",선물(anfw****),2020.01.23 00:24
8,가볍게 보기 좋은 영화인것같아욬ㅋㅋ가!볍!게... 가!벼!운 마음으롴ㅋㅋㅋ그럼 웃겨요...근데 이성민 때문에 웃다가 ㅡㅡ 배정남 나오면 분위기 깼어요 너무 억지스러워요....,향기(llxi****),2020.01.23 00:01
1,미쳤냐?? 확진짜 ㅡㅡ,김민구(sku3****),2020.01.22 23:43
1,"시간, 돈 아까우니깐 보지마세요...",빨간맛(dldb****),2020.01.22 23:03
5,김서형배우님 보러갔고 김서형배우님 빼면 아무것도 남는게 없었다 김서형배우님 분량 늘려줘 감독 하는일이 뭐니,니티(smxl****),2020.01.22 23:03
1,영화는 평점을 떠나서 케바케라고 생각했는데 어쩜 다들 보는 눈이 똑같은지... 진심 1점도 아깝고 6-7세 관람가임,리미(phrr****),2020.01.22 22:38
10,초등딸이랑 재미나게 봤어요. 연기도 잘하시고 유치한듯 하지만 아이 수준에는 딱이었어요. 요즘 반려견에 관심이 많아서 더 잘 보더라구요^^,eunj****,2020.01.22 20:27
10,여러분~ 저만 볼 수 없으니까 10점 만점에 10점 드립니다.,너굴(naan****),2020.01.22 20:19
1,너무 지루해 순간 집인줄 알고 채널 돌릴뻔..,쿠키세븐(cook****),2020.01.22 19:41
10,,오기호(ohki****),2020.01.22 19:31
1,영화를 좀 대국적으로 만드십시요,하병수(name****),2020.01.22 18:38
10,우리따니재밋다고햇음ㅋ나도재밌었고ㅋ,휘네(jogg****),2020.01.22 17:24
10,유쾌한 소재의 영화네요. 보는내내 웃었습니다! 아이와 같이보면 정말 좋은 영화입니다 ㅋㅋ,psb0****,2020.01.22 17:05
10,오랜만에 동심을 느낄 수 있어서 좋았음 보는 내내 훈훈해서 입가에 미소가 절로 웃기고 울리고 재미와 감동 다 충족한 듯 설연휴에 가족들이랑 보기 딱 좋은 따뜻한 영화,낙천주의(jehy****),2020.01.22 16:28
10,이거도 지금 보러갈러고합니다.  재밌나요?,사이머니(mata****),2020.01.22 16:23
10,스토리는 참신하고 연기는 깔끔하고 코미디는 담백했다.사라진 내시간. 사라진 내돈 이라는 평남길 놈도 300퍼 있겠지만 속지마라.가볍게 즐기고 웃을수 있는 가족영화다.,간지범수(mykb****),2020.01.22 15:57
10,,puri****,2020.01.22 14:43
10,명품 배우들의 조합과 동물 캐릭터와 맞는 목소리 배우들의 향연이였다. 재미나게 봤습니다~ 올 설날연휴 온 가족과 보는데 적극 추천합니다~^^ 동물들이 너무 사랑스럽다~,nhw1****,2020.01.22 14:43
8,가족끼리 명절에 보기 좋은 영화입니다~나름 스토리 구성도 탄탄해요.^^,naoc****,2020.01.22 14:35
10,"아침부터 웃었네요~주인공들 연기도 잘했고,너무 재미있게 잘봤어요~아이들이랑 보기 딱이에용~마지막엔 슬퍼요~~세퍼트(알리)ㅋㅋ설연휴 영화에 딱이에요~",임은혁(mihy****),2020.01.22 14:30
10,꿀잼! 반려동물 키워서 그런가 더 재밌게봄,김아름(ahle****),2020.01.22 14:29
10,주인공분의 연기도 좋지만 동물목소리 배우분들의 연기가 정말 일품입니다. 명절에 가족과 함께 보기 정말 좋을것 같아요~,싱아(sing****),2020.01.22 13:40
8,이게 병맛아닌병맛인데...ㅋㅋㅋ너므 잼있어요!!!알리야 만나서 반가웠어??,다오니엄마(love****),2020.01.22 13:38
10,부모님도 웃으셨던 영화,gyel****,2020.01.22 12:05
1,김수미씨 욕까지도 안웃긴 영화....,DJScooP(real****),2020.01.23 00:26
1,"저 처음으로 이런거 남겨요 ㅋㅋㅋ 가족들과 봤는데 다들 돈아깝다고 하고 내용도 허접하고 유치하고,, 괜히 봤다는 생각이 드네요..",이지원(alic****),2020.01.22 22:42
10,개꿀잼인데 왜그럼 나중학생인데 웃기고 재밌어요,김지현(jihy****),2020.01.22 18:51
6,예고편보고 재밌을 줄 알고 아무생각없이 웃으러 갔는데..재미는 그닥 없더라고요..그래도 감동은 좀 있었어요.,ghds****,2020.01.22 18:19
10,솔직히 최근 본 영화 중 가장 꿀잼♡두 개 다 본 사람으로서닥터두리틀과 견주어도 꿀리지 않는다.,후이는내꿈(gkss****),2020.01.22 17:34
10,너무 재밌어요~,삼미경인(auto****),2020.01.22 15:52
10,초등학생 아이들과 함께 상영했는데아이들은 잼있었다네요ㅎㅎㅎ,쥔샹e(alsd****),2020.01.22 15:49
10,,썬로즈(love****),2020.01.22 15:10
10,설연휴 가족과 모두 함께 볼 수 있는 유일한 영화인 듯하네요. 자극적인 장면없이 훈훈하게 보고 나올 수 있었습니다.,drfi****,2020.01.22 14:48
10,미스터주 너무 잼있게 봤어여 남산의부장들도 잼있다던데 그것도 봐야징,사피이어(redk****),2020.01.22 13:23
10,소재가 신선하고 휴먼과 코믹이 잘 어울어진 가족끼리 볼수있는 따뜻한 영화라서 좋았다. 특히 동물을 사랑하는 사람이면 꼭 봐야할듯..,eric****,2020.01.22 13:13
10,ㅋㅋ재밋음 연기다들잘함,jh(jh96****),2020.01.22 12:12
10,베리 임폴턴트 판다를 찾아 떠나는 미스터 주의 여행기~ 생각보다 너무 재밌었어요ㅋㅋ 올해 베스트 케미 상은 이성민이 받아야 한다고 봅니다,스(zoof****),2020.01.22 11:54
1,진짜최악이네요 진짜개최악,ehor****,2020.01.23 10:10
1,연기 젤 열심히한 쉐퍼트가 불쌍하다...이렇게 재미없게만들기도 힘들겠따 감독의 연출이 잘못된건가 어쩜이렇게 재미없지..EBS에서 인형극봐도 이것보다 재밌을듯 내가 클레멘타인도피하고 다피했는데 이걸못피했네 내돈.,zzocho(zzor****),2020.01.23 03:19
10,재밌었는데... 반려견이랑 같이사는 입장에서 공감가고 웃기기도하고 저는 좋았어용,우넹(eunh****),2020.01.22 23:33
4,장난치냐?장난치냐?,없음(2pap****),2020.01.22 17:56
10,넘 재밌고 유쾌합니다. 감동도 있고. 가족들과 보기에 좋아요,YunHwanMom(sacr****),2020.01.22 16:42
10,강아지 키우는 입장에서 오래전부터 기다려온 영화인데 기대한만큼 제 판타지를 충족시켜주는 영화네요! 알리 너무 연기잘하고 보는내내 흐뭇해서 광대가 안내려갔어요. 우리나라에서 이런 영화를 볼 수 있다니 대박입니다. 꼭보...,hyhhy(1019****),2020.01.22 16:25
10,배우님들 연기도잘하셨고 무엇보다 재밋게 잘보았어요 반려견의소중함을다시한번느꼈어요 울다웃다가ㅎㅎ 가족들이랑보면좋은영화였어요,hot8****,2020.01.22 15:48
10,1점준애들 개역겹닼ㅋㅋㅋ개꿀잼,향단(9304****),2020.01.22 23:08
1,"재미 없는걸 넘어서, 보기에 짜증나고 화나는 영화.재미만 없으면 되는데, 보는 내내 오글거리고 짜증나서 앉아있기가 힘들었습니다.도대체 이런 영화에 투자를 하는 의도는 무엇이며, 과연 이걸 만든 감독은 어떤 생각인지 ...",고래의꿈(skya****),2020.01.22 20:25
2,명절 불화 생긴 가족들을 위해 만든건가요? 욕하다가 한마음이 되어버릴것같긴 하네요,칼군(5525****),2020.01.22 19:09
10,일베충이 들끓는 네이버 영화평점은 믿을 수가 없다.,먼지(penn****),2020.01.22 11:48
10,꼭봐라..진짜 내 인생 영화다,음(viru****),2020.01.22 11:22
10,알리 진짜 남우주연상 줘여할듯,rang****,2020.01.22 11:00
10,배우분들 연기 좋아용 김서형님 너무 좋아용ㅋㅋ,뽀빠이(lapo****),2020.01.22 13:17
10,"방금 보고 나왔어요. 웃으려고 들어갔다가 눈물훔치며 나왔습니다. 영화도 재밌고 특히 집에 있는 강아지 생각이 많이 났어요. 사랑하는 댕댕이들과 유기견, 사람과 동물에 대해 생각하게 만들어 주는 영화였네요. 동물과 사...",umj(umji****),2020.01.22 12:18
10,재미있었어요. 동물들과 캐미도 좋았습니다. 설날 가족영화로 추천이요,00(maki****),2020.01.22 11:52
1,클레멘타인의 계보를 이을 대작.,kkk123(khjl****),2020.01.22 23:34
10,간만에 마음을 울리는 영화 본것같네요 너무 잘봤습니다,간바레(bgjb****),2020.01.22 17:11
10,기대 안했는데 꿀잼이여따,수트롱베이뷔(wipy****),2020.01.22 11:29
10,설 연휴 가족들이랑 보기에 정말 좋을거 같아요~~ 아이들 예매해줘야겠어요^^,jamon(09fv****),2020.01.22 11:18
10,따뜻한 영화ㅎㅎ 재밌게 잘 보고 왔습니다,김한성(hrqv****),2020.01.22 10:59
10,설날 가족 영화로 보기 훌륭해요!,1bsy****,2020.01.22 10:22
10,"한국판 닥터두리틀 동물 더빙연기를 한 배우들의맛깔나는 연기이영화안에 아내의유혹 스카이캐슬 마지막 쿠기영상에 백두산과공작이 들어있다! 동물코미디 수준급, 만식의또라이기질 ㅋㅋ!",무영돌이(swor****),2020.01.22 11:27
1,최악의 영화ㅜㅜ연기는 동물들이 제일 잘함ㅜㅜ그래도 연기 좀한다는분들이라서 기대까지는 아니라도 믿었는데ㅜㅜ그나마 동물더빙이 제일 나은듯ㅜㅜ개인적으로 19~20년도 통틀어 최악의 영화ㅜㅜ,어제(eum1****),2020.01.22 18:16
10,이번에개봉한 사파리 3개중제일낫드라,원상이(dnjs****),2020.01.22 11:35
1,보고 재미없어서 남자친구랑 싸웠네요(실화임),cacia(red_****),2020.01.22 23:45
10,목소리 더빙한 배우들 찾는 재미가 쏠쏠하네요 ㅋㅋㅋ 두리틀은 유치했는데 미스터주는 생각보다 꿀잼이었음 ㅋㅋㅋ,하늘그림(blue****),2020.01.22 11:39
2,뭐라고 써야할지 모르겠어요. . . .이런 한국영화 오랜만이네요 ㅠㅠ,happ****,2020.01.22 21:05
6,그냥 이상민이연기해서 개봉이가능했다,장오(ssro****),2020.01.22 18:27
5,연기는 좋았는데 동물 목소리도 너무 어색하고/스토리는 억지억지가끔 하하 웃고 그 외엔 유치했어요.,포로리(crow****),2020.01.23 14:48
1,진짜 내 인생에서 최악의 영화 팬더랑 개랑 이야기 하는거 보고 나옴ㄷㄷ 리뷰중에 인생영화라는 리뷰 있던데 확실히 댓 알바다...이거 돈내고 봤으면 더빡쳤을듯,YJ(mary****),2020.01.23 14:06
5,"참신한 소재의 뻔한 전개, 초반부 스토리의 지루함은 치명적이다. 개그코드도 뻔한데 그나마 후반부에 나마 몇번 웃겼다 워낙 유치한거 좋아하는 성격이라 그런지 유머코드가 나쁘진 않았고 아이들이면 좋아할만하다 스토리가 좀...",inho****,2020.01.23 13:40
6,"오늘봤어요 이성민,갈소원 두 분 연기 좋았습니다. 하지만 ㅜㅜ.... 초등학교 1학년 조카들이 보면 재밌어하겠다 라는 생각만 들었어요 ㅜㅜㅋ",psm8****,2020.01.23 05:09
2,억지로 웃기려고 좀 철지난 개그랑 자기들 명대사만 합니다스토리는 지루합니다 초등학생용 영화인줄 알았습니다....,key군(np41****),2020.01.23 12:45
1,그것이 알고싶다.닥터두리틀과 싸우려고 같은 시기 개봉한 것일까.,Khaos141(j345****),2020.01.23 11:29
4,광고영상보고 웃긴 영화인줄 알고 보러갔음. 명절스트레스때문에 아무생각없이 웃고 싶었기때문에ㅠ..근데 코믹영화는 아닌듯하고 같이 간 초등생 아이는 정말 감동적이었다고함. 어른용 보다는 어린이들을 위한 영화임을 알고 가...,민주(m801****),2020.01.23 10:53
1,영화에서 제일 웃긴 장면은 배정남 죽빵맞는 장면 끝...,박준원(prop****),2020.01.23 10:00
1,라이너의 컬쳐쇼크에서 욕 겁나 쳐 먹을 영홬ㅋㅋㅋ,김에스더(esth****),2020.01.23 09:51
1,1990년도에 나왔던 김희선의 발연기 영화 같은 느낌이다 충격! 이런 허접한 것도 영화랍시고 개봉이 가능한 나라가 과연 몇이나 될까?,림르나르 베르베르(ques****),2020.01.23 08:56
2,보는내내 이런 쓰레기를 보고있는 내가 한심했네요이성민씨 작품좀 골라서해요,leeh****,2020.01.23 08:26
1,평점 처음 남겨봅니다 ㅜㅜ 너무 재미없어요,기특한석2(seok****),2020.01.23 08:20
1,아이들도 욕하는 노잼영화...,영준(ayj1****),2020.01.23 07:07
1,동무! 피는 역시 자본주의 피가 맛있다우!광고가 다 인 영화,김시민 덴지쿠 도쿠베(goe0****),2020.01.23 06:38
3,설에는 조카랑 해치지않아 보는걸로,ALEX(mont****),2020.01.23 06:34
1,ㅠ 불쾌한 요소가 너무 많았어요. 굳이 왜 넣은걸까 하는 부분도 많구요. 강아지 키우는 사람으로서 전문가 도움 아래 찍은 연기인걸 알면서도 넘 스트레스 받는 장면들이 많았어요. 진짜 이성민씨의 연기력으로 버티고 끝까...,최새얀(sovh****),2020.01.23 06:03
1,배우들이 연기를 못하는분들이 아닌데...내가 보기에 모든 문제는 각본에서 시작됨..대본이 진짜 재밌을수가없는.... 하... ㅋㅋ 만들고서 자기네들끼리도 이건아닌데 싶었을듯코미디영환데 2시간동안 정색 빨다온건 또 처...,가나다라마바사(kaka****),2020.01.23 04:00
1,우왓 ~ 그돈으로 치킨이나 먹을랴 ~ 영화보면서 그동안 연락 못했던 분들께 연락하는 시간을 가집시다,love****,2020.01.23 02:45
8,어른들은 안보길 추천하는데 초등학생 둔 부모님이라면 아이들과 보길 추천해요~~ 11살 남자아이랑 봤는데 너무 재미 있었다고 하네요~~ 초등학생이 좋아할만한 영화에요~~ 겨울방학 볼만한 영화가 없다면 추천해요~~,이쁜공주(mink****),2020.01.23 02:36
8,솔직히 기대하고 봐서 그런지.. 스토리 내용은 역시 한국영화답게 중간에는 지루했네요 그래도 잼있는 부분도 많았고 많이 웃고했어요 ~아쉬운점이 조금 있지만,하늘의꽃(suah****),2020.01.23 02:36
1,아니 평점 좋길래 봤드만 시간이랑 돈만 날렸네 ^^ 해치지 않아보다 재밌다면서요 ..^^,민서(duwk****),2020.01.23 02:34
5,1점 주려다가 배우들 불쌍해서 5점 준다. 초등학생들은 신기하게 잘 웃더라.,결이(1218****),2020.01.23 02:25
1,개노잼 핵노잼 개지루 아 돈아까워..ㅜㅜ,cine****,2020.01.23 02:16
1,광고가 다입니다.!!!,전창용(shpo****),2020.01.22 22:57
2,대학교 학예회냐...평점 5 준 사람 있으면 찾아가서 댓글 달고싶다.개봉첫날이라 기대하고 왓다가 방금 나온 길인데...연기력 좋은 배우들 데려다가 무슨 영화를 만든거냐...목소리만 출연한 배우들이 애처로웟다.우리는 ...,연금이(wlgn****),2020.01.22 22:44
1,최악중에 최악   내돈 ㅠㅋ남산보려는데  시간2시간딜레이라 ㅠㅠ기다릴껄 ㅋ,울산(oh48****),2020.01.22 22:42
1,진짜 최근 본 영화 중에 제일 재미없다 알리가 귀엽긴하네..,키(hyer****),2020.01.22 22:28
10,가족들과 보기좋은 착한영화~~^^ 동물들을 좋아해서인지 영화가 넘 흐뭇하던데요?,흔한엄마(suse****),2020.01.23 13:23
8,별점이 중요한가요. 스토리 욕하시는분들 직접 시나리오 만들어보세요. 막장드라마보다 훨 잼있습니다. 한국영화 홧팅 cg의 벽을 넘어 보세요. 조금 아쉽네요.,팔콘(falc****),2020.01.23 13:19
1,정말 돈 아깝습니다. 쟁쟁한 배우들 흑역사로 남을 만한 영화. 리뷰 잘 안쓰는데 돈 주고 볼 사람들 뜯어말리고 싶어 남깁니다,VIVID LIFE(kjsl****),2020.01.23 09:10
1,영화는 저질 액션이 어린이 뮤지컬 번개맨같고아역 캐릭터는 싸가지없고(사람말고 캐릭)동물에대한 잘못된 그리고막판에 북한말 ... 정권탓인지 드라마고영화고 다북한등장,난 남자임(chwj****),2020.01.23 08:53
8,킬링타임용으로 그럭저럭 볼만은 합니다.,RobertWhittaker(aorm****),2020.01.23 05:01
1,재미가 너무 없어서 짜증이 날 지경입니다 얼마나 재미없었냐면 웃으라고 만든 부분이 있는데 다들 안 웃고 중간에 나가는 사람도 몇 명 봤어요,판다냥이(alwh****),2020.01.23 01:22
1,밍밍....말이나오지않음,요한(sbaa****),2020.01.23 01:07
1,vip가 사라진게 아니라 웃음끼 쫙 사라졋다...웃음끼를 뺀 코미디!!!감독님....그냥 쉬세요...의식의 흐름대로 찍은건지의식없이 이런거 찍으건지....진짜 배우들 가져다 장난감 병정 놀이 하셧나?,sesn****,2020.01.23 01:06
2,캐스팅빼고 실패한 영화,자연(dbwk****),2020.01.22 23:41
1,태어나서 처음 평점 남겨본다 욕나온다 진짜,현수11(gust****),2020.01.22 23:30
2,예고편이랑 왜 딴판으로 만들어 놨어요? 초딩 영화도 아니고,이태균(woos****),2020.01.22 23:22
2,완전 노잼처음엔 졸았고. 중간에 눈 떠서 10분 못채우고 나왔어요,초롱이(ehde****),2020.01.22 23:14
1,"장르가 '코미디'인데 영화를 보는 대부분의 시간 동안 관람객들 웃음 소리가 별로 들리지 않았어요. 배우들의 연기는 좋았다고 생각해요.. 하지만 스토리 흐름 때문인지, 어색한 CG때문인지.. 보다가 나가...",조은샘(dmst****),2020.01.22 22:11
1,좀..너무 뻔하다 차라리 히트맨이 나은듯,gcxp****,2020.01.22 21:40
2,돈 아까워요  시간 아까움,leeu****,2020.01.22 21:34
4,배우들 연기 때문에 그나마 평점 조금 올렸습니다 다른요소만 보면 1점도 주기 어려웠음 삽노쟴이고 유치함 개연성없고 장면들 뚝뚝 끊김,mi0lid(yewo****),2020.01.22 21:30
1,진짜 최악입니다.세상에서 이렇게 재미없는 영화 처음봅니다.원래 평쓰는거 귀찮아서 안쓰는데 ...이거 보지마세요...돈많고 시간 많으신분만 보시길아니 그냥 돈많고 시간많아도 보시마세요,김은진(nose****),2020.01.22 21:21
1,이딴영화 만들지좀마라 외국영화 닥터두리틀 따라할려는거는 알겠는데 cg기술좀 높인다음에 만들어 한국영화는 첨부터 다시 시작해야해 기술 높일생각은 안하지??,Andrew(cv56****),2020.01.22 21:15
6,아주~유치하긴한데 초등학생 아들은 재미있게 보내요..아이가 잼있다니 만족합니다,guiy****,2020.01.22 18:30
10,,와우(gksw****),2020.01.22 17:30
7,설 연휴에 가볍게 볼 수 있는 가족 힐링 영화,민주(abcd****),2020.01.22 14:30
1,진짜 영화보는 내내 한번도안웃음;;,으헷(lky6****),2020.01.22 22:55
10,영화를볼때에는 스토리와 배우들 연기를집중하시면 재밌습니다 저는 이번 시사회에 초대되서 봤는데 너무 재밌었구요 특히 동물들의 목소리가 누구일까 맞추면서 보니까 더욱더재밌었어요ㅎㅎ,gds0****,2020.01.22 22:46
2,그냥 보지마세요 ㅎㅎ 진짜로 거짓말하는게아니라 영화내내 동물들의 성우 연기가 너무 안좋고 너무뻔한 전개와 너무 뻔한 개그코드 코믹성이 너무 뻔하네요 .어떤 리액션이 나올지 예상도되고 설마설마하는게 진짜로 너무 뻔한 ...,oon(yoon****),2020.01.22 21:34
10,닥터두리틀보다는 재밌음 8점짜리 영화지만 1점 테러범이 너무많아서10점 주고갑니다.,누리(rabb****),2020.01.22 20:55
1,진심으로... 모르는 사람들과 이런 영화를 같이 보고 있다는 게 화끈거렸습니다... 오글과 유치의 끝입니다... 12세 미만 겨냥한 영화라고 생각하면 될 거 같아요.,SEJIN PARK(publ****),2020.01.22 20:39
1,평소 정치에 숟가락 얹고 편파망작만 찍어대는데 운좋게 명작이 나올리가 없다,안알랴쥼(laye****),2020.01.22 19:30
8,동물이 관해 잘 다룬 영화라구 생각해요!,Pags(poip****),2020.01.22 16:56
7,가볍게 볼 수 있는 킬링타임 영화 나중에 다운받아 볼 것을 적극 권장함,띵산(shin****),2020.01.22 14:58
8,남산의 부장들은 안챙기고 모하는겨?ㅋㅋㅋ,아토맘(ghkd****),2020.01.22 11:05
10,누가 중학생 이상 보지 말라고 썼는데 15살인 내가 재밌다는데 뭐...배우분들 연기랑 스토리랑 다 재밌던데...cg 나만 안 어색한가...,tmdals0331(mini****),2020.01.22 23:07
10,킬링타임용으로 웃으며 재밌게 봤네요.. 오히려 평이 너무 낮아서 당황...,기이이린(klbt****),2020.01.22 21:12
10,가족과함께보기좋은영화!! 설연휴때온가족이보세요 ㅎㅎ,블랙버드(hoen****),2020.01.22 17:07
10,완전완전완전완전완전진짜 재밌음,풉키(kec2****),2020.01.22 14:07
10,재밌고 감동적이네요 코미디 아주 재밌습니다 !! 스앵님 전적으로 저를 믿으셔야합니다,가젯마누(jypa****),2020.01.22 21:05
10,너무 재밌습니다. 최근 본 영화 중 최고입니다!ㅋㅋㅋ댓글들 믿지 마세용. 기생충에도 1점 달리는 세상입니다. 생각보다 볼만합니다.,왓섭왓섭요(been****),2020.01.22 18:51
10,배우들 연기가 대박입니다!!꼭보러가세요~~!!!,성진욱(tjdw****),2020.01.22 18:49
10,배우들의연기력이 뛰어났고 내용도 감동과코믹의조화 정말재미있었다!,토요타(ange****),2020.01.22 17:21
10,Mr.Joe: I saw a missing VIP comedy Korean movie and it was fun.,susanna jeong(susa****),2020.01.22 16:36
10,배정남 좀.. 빼지ㅡㅡ,곰지(conf****),2020.01.22 12:19
1,설명 다 필요없이 그저 역대급.... 인생 최고였어요 ㅎㅎ,ze(jyn9****),2020.01.22 21:58
10,한번은 상상해 봤을 이야기?!  신선하고 좋았음!!,시아(wspw****),2020.01.22 13:52
6,소재는 참신했지만 현실성이 없어서 별로다,정우진(luck****),2020.01.23 12:30
2,닥터두리틀 보고 배워라,KRpeople(tw97****),2020.01.23 13:28
1,"하하하....내 살다 살다 이렇게 재미 없고 개연성 없는 영화는 처음이오.  악평으로 그 유명한 하지원의 칠광구도 내가 3D로 직접 본 사람인데, 이건 그보다도 못해!이성민씨, 이런 데 나오실 분 아니잖아요?12세 ...",카사노박(bini****),2020.01.23 12:35
10,그냥  기대없이 가서 보면  볼만한  영화입니다 .^^  나름  재밌게 보았어요 ~  (알리 연기짱 굿) 이성민  아저씨랑  알리가  다함 ㅋㅋㅋ ( 나도 울집 샴푸(키우는냥이 이름입니다 ㅋ)랑  대화해보고싶네~ㅋㅋ...,그냥  기대없이 가서 보면  볼만한  영화입니다 .^^  나름  재밌게 보았어요 ~  (알리 연기짱 굿) 이성민  아저씨랑  알리가  다함 ㅋㅋㅋ ( 나도 울집 샴푸(키우는냥이 이름입니다 ㅋ)랑  대화해보고싶네~ㅋㅋ...,2020.01.23 14:54
2,아이랑 같이 가서 봤지만 지루해서 중간도 못가고 잤음요.,샤방샤방(nix0****),2020.01.23 12:46
4,차라리 어린이용 애니메이션으로 만들면 볼만했을 듯... 보다가 뛰쳐 나가고 싶었는데 티켓값 아까워서 앉아있었음 내 뒤에 남자애들 3명은 나가더라 ㅋㅋㅋ,고릴라(oplk****),2020.01.23 12:42
5,12세이상 관람불가관람시 손발이 오그라들수 있음,레노스(lina****),2020.01.23 12:31
8,처음엔 애들영화다 싶었는데 가면갈수록 집중되고 동물들을 좋아해서 그런지몰라도 감동적이고정말재밌었다 보는내내 너무웃겼음 동물과 소통하는영화 많이나오길~~,종인짱(rhdw****),2020.01.23 12:25
1,배우들 보면서 내가 다 현타옴.. ㅜㅜ 개노잼,손농민(alsw****),2020.01.23 08:37
6,"솔직히 낮은평점이 난무한데 ""내"" 기준으로는 그렇게 망작인 영화는 아니고 그렇다고 대작이나 훌륭한 영화는 아님. 그냥 킬링타임용 오락영화정도는 되는데 호불호가 심함.",젠느(jenn****),2020.01.23 02:58
10,오늘 오전 재미있게 잘 봤습니다.,dj58****,2020.01.23 13:24
10,엥 가족들이랑 보기에는 딱 좋은 영화였음 !!,chio****,2020.01.23 10:47
10,ㅋㅋㅋ기대안했는데 꿀잼이네요 오랜만에 착한영화좋네요,lskc****,2020.01.23 10:28
1,이건 정말 .... 하 뭐지 ....,좋은 하루(wnsg****),2020.01.22 23:00
1,진짜 예고편보고 엄청 재밌을것같아서 봤는데 충격적입니다 한국에서 이런 영화가 나온건 흥미롭지만 솔직히 스토리 유치하고 어린 애들이 좋아할 영화에요 대배우님들이 출연하시기엔 훌륭하신 연기력에 비해 영화의 질이 떨어져요...,여신(popq****),2020.01.22 22:59
2,오늘 보고 왔는데...출연진 보고 기대했는데 CG를 떠나서 이건 뭐..하...영화관에서 본 영화 중 첫 실패작ㅠㅠ,명반(viol****),2020.01.22 19:13
5,한국선 절대 히트가 안될 개그 포인트 아쉽....,미랑(ydad****),2020.01.22 18:31
6,재밌긴함 근데 잘 모르겠다,담요(gudw****),2020.01.22 17:53
9,유치할줄 알았는데 감동이 ㅠㅠ,천원두(djk3****),2020.01.23 10:29
9,넘재밌게봤어요 간만에좋은영화였습니다,DSOK(f2aw****),2020.01.23 10:28
8,개인적으로 나쁘지 않았어요 볼만해요,호박넝쿨(acek****),2020.01.23 06:04
1,배우들 빼면 암것도 없는 영화  시간낭비 돈낭비다,아줌마(kej6****),2020.01.23 01:24
1,와~~이건 역대급이다!역대급이야!!영화인들은 이거보고 공부해야한다! 이런게 쓰레기구나!이거는 분리수거도 안됀다고 ㅡㅡ 한국관객들 수준을 어떻게 본거지? 기만하는건가?장난하나!진짜!,kove****,2020.01.23 00:48
2,배정남 왜 나왔는지 모르겠고 안웃기고 재미없음...아 돈 아까움 ㅠ ㅜ,히데(winn****),2020.01.23 00:43
1,배우가 아깝다 심하다 ㄹㅇ,SWH(whsu****),2020.01.23 00:31
1,감상포인트를 하나도 체크하기 싫었던 영화이 정도의 영화면 차라리 캣츠처럼 '얼마나 못 만들었길래 사람들이 그래...?' 하는 포지션으로 가는것도 나쁘지 않아보임.,LHP(flsg****),2020.01.23 00:29
2,유치 --노잼---,홀스(jhpa****),2020.01.23 00:06
1,그냥..가족영화에요..닥터두리들 보고 미스터주 보니까 한숨만 나오네요..애기들은 정말 좋아할것 같고영화 언제 끝나나 열심히 기다리기만 했네요,주르찡(tjdw****),2020.01.22 23:22
1,센스 없고 재능 없는 사람이 영화만든다고 설치면 어떤 꼴이 일어나는지 알려주네요.,조공(tjsw****),2020.01.23 00:14
1,지옥에 있는 노무현도 탄식할만한 영화....,aaa(wi94****),2020.01.22 22:48
8,큰 기대 없이 보러 왔는데 생각보다 재미있었습니다. 평에 비해 CG가 많이 어색하지는 않구요영화관 분위기도 좋았습니다.,엠지(cho0****),2020.01.22 21:59
10,저는 넘 재미 있어씁니다 ㅎㅎ 한번더 보고 시픈 영화 입니다 ㅎㅎ,애니를좋아하는여자(dksg****),2020.01.22 21:24
10,재미는 그럭저럭이지만배정남이 하드캐리하고알리연기가 너무 인상적이었어요오래간만에 가족들이 다같이 볼 수 있는 영화가 나와 기뻐요,btbt(dmsw****),2020.01.22 20:50
10,오랜만에 착한 영화를 본 느낌.,엄문석(qot6****),2020.01.22 13:17
10,네이버 평점때문에 살짝 고민하다 봤는데재밌었어요ㅋ여러영화가 같이 개봉하다보니 경쟁작에 평점테러 더 심한듯요~ 요즘은 작품만 좋다면 다 보지않나요?ㅋㅋ내일은 해치지않아 보러 갈 예정입니다ㅋ,오리날다(jia0****),2020.01.23 14:52
4,"독특한 소재 , 진부한 스토리텔링 , 드라마급 연출",얄타이르(dbck****),2020.01.23 12:39
2,기대하지마라 재미없다,비듬(love****),2020.01.23 09:22
2,감독님  너무 하시는거 아니에요?이렇게 영화 만들면 어떻합니까너무 심하내요  진짜 할말이없음 유치한정도가 아니고 이건 유치원생들도 안봄이런 영화를 내가 보다니 ㅠㅠ,mand****,2020.01.22 20:25
6,연기는 너무 좋은데 동물들 목소리가 전문성우가 아니라서 그런지 너무 어색한 부분이 많아써용,퍼펙맨(wi15****),2020.01.22 18:59
10,사실 김서형때문에본건데 이성민 비중이 너무 큰게 좀아쉽고 김서형은 3번정도만 등장한것 같아서 그건 별로였어요. 이성민때문에 보러가는건 괜찮지만 김서형이나배정남보러고 간다면 조금 실망일수도 있어요. 그래도 감동이있었어...,이윤서(95lj****),2020.01.22 17:47
1,유치하고 억지 눈물짜내기(벗 눈물은 안남)사람이 탈쓰고 하는게 더 나을것같은 cg 내 시간 내 돈..ㅠ 평점 알바들 길바다 똥 밟아라,김혜련(3148****),2020.01.22 21:44
10,재미도 있고 감동도 있다. 무엇보다 동물과의 교감이 신선하다.,VS(qi8d****),2020.01.23 10:28
10,이런영화 더 많이 만들어주세요ㅠㅠ,황태(f5y4****),2020.01.22 18:57
9,근래 1~2년간 나온 한국영화들 중 그나마 괜찮아 보임. 지금은 상영관이 적어서 예매량이 뒤쳐지지만 2020년 상반기 가장 흥행한 한국영화로 남지않을까 함.,화려한필체(drat****),2020.01.22 12:04
1,내가 이래서 한국영화 안본다 에휴  개 쓰렉 망작. 조카데리고 어쩔수없이 봤는데 하...  주인공이랑 스카이캐슬 아주머니 빼고는 영... 연기도 그렇고 스토리도 걍 쌉노답. 더빙은 ㅆ... 듣기도싫다,머슴(by00****),2020.01.22 13:45
1,최악의 영화 진짜로 보기싫다,하이루(hbhb****),2020.01.22 10:05
4,스토리는 신선했으나 코미디 영화다운 코믹요소가 부족함~ 히트맨이랑은 비교를 하면 안됨,생크림케익(hjkw****),2020.01.23 09:19
6,이런 허술한 시나리오와 연출에 감정잡고 연기하는 배우가 대단한듯..명절특집 코믹 꽁트같은 영화인듯..소재는 신선했으나 완성도가 많이 떨어지네요,doong(eves****),2020.01.22 21:45
6,"배우들의 연기력은 꽤 괜찮았다, 밍밍 역의 유인나는 성우에 거의 근접한 느낌이였으니... 하지만 급전개와 굳이 할 필요 없는 대사, 억지스럽게 감동을 이끌어내려는 면이 보였으며 무엇보다도 판다 밍밍의 CG는 약간 엉...",갈매기(psb1****),2020.01.22 19:49
4,캐스팅은 좋은 것 같은데 왜 이렇게 밖에 안됐을까요..스토리 자체가 별로임 재미도 너무 없고 코믹이라는데 웃음포인트가 어딘지도 모르겠고ㅠ,하영(xiah****),2020.01.23 00:29
6,,갈매기꿈(hmku****),2020.01.22 19:39
2,노란리본 달고 광주를 찬양하거나 노무현을 찬양하거나 북한을 미화하고 박정희를 까고 미국을 까야지. 감독이 개돼지들을 모르는구나 ㅋㅋ 대한민국에서 이렇게 영화 찍으면 흥행이 안돼 ㅋㅋ,삘로(tuja****),2020.01.23 02:16
4,생각없이 킬링타임으로 보기 좋은 영화. 유치해서 보기 좀 힘들었는데 좀 웃기긴했음,hds3****,2020.01.22 20:18
4,뭐 딱히 웃긴것도 아니고 배우들 연기는 너무 좋았는데 동물cg 때문에 몰입이 안됩니다,치카포카(free****),2020.01.22 19:49
5,알리가 이랬다는 걸 사람들이 알리가 있나...,박팡팡(zzzp****),2020.01.22 20:38
1,아직도 저질 한국 영화를 보나?? 깔깔깔깔,전라왜구(seon****),2020.01.22 19:14
4,"재미보다는 감동을 주려고 한 것 같기도... 그냥보면 충분히 최악일 수 있지만, 자녀와 함께 보기에는 그럭저럭임...",지원아빠(huni****),2020.01.22 19:14
10,동물을 좋아하는 사람들은 재밌게 볼 듯,DT(gth1****),2020.01.22 13:51
4,,몽몽이(melo****),2020.01.22 19:56
10,온가족이 볼 수 있는 감동적인 영화예요,끼끼(ceda****),2020.01.22 15:21
8,생각보다 재미있는 영화였고 반려동물 키우는 사람이라면 추천하는 영화입니다 그리고 연예인 성우를 별로 안좋아하는 입장으로 이번에 목소리 연기도 거북함 없이 듣기 좋아서 좋았습니다,으악새33(wnsd****),2020.01.22 12:27
2,이영화 진짜 비추입니다특히 애견인 분들 절대 보지 마세요동물학대도 아니고 영화 스토리가 왜 이런지 진짜 보다가 화가나서 올립니다..특선영회로도 아까운 영화.캐스팅이 아까운 영화.배우분들 안타까우심.,재욱러브(skok****),2020.01.22 16:25
